<decoderfilter>
    <filter>
        <name>OMX.MTK.AUDIO.DECODER.ADPCM.DVI</name>
        <allowed>true</allowed>
        <stills-allowed>false</stills-allowed>
        <dvd-allowed>true</dvd-allowed>
        <min-height>0</min-height>
    </filter>
    <filter>
        <name>OMX.MTK.AUDIO.DECODER.ADPCM.MS</name>
        <allowed>true</allowed>
        <stills-allowed>false</stills-allowed>
        <dvd-allowed>true</dvd-allowed>
        <min-height>0</min-height>
    </filter>
    <filter>
        <name>OMX.MTK.AUDIO.DECODER.ALAC</name>
        <allowed>true</allowed>
        <stills-allowed>false</stills-allowed>
        <dvd-allowed>true</dvd-allowed>
        <min-height>0</min-height>
    </filter>
    <filter>
        <name>OMX.MTK.AUDIO.DECODER.APE</name>
        <allowed>true</allowed>
        <stills-allowed>false</stills-allowed>
        <dvd-allowed>true</dvd-allowed>
        <min-height>0</min-height>
    </filter>
    <filter>
        <name>OMX.MTK.AUDIO.DECODER.G711.ALAW</name>
        <allowed>true</allowed>
        <stills-allowed>false</stills-allowed>
        <dvd-allowed>true</dvd-allowed>
        <min-height>0</min-height>
    </filter>
    <filter>
        <name>OMX.MTK.AUDIO.DECODER.G711.MLAW</name>
        <allowed>true</allowed>
        <stills-allowed>false</stills-allowed>
        <dvd-allowed>true</dvd-allowed>
        <min-height>0</min-height>
    </filter>
    <filter>
        <name>OMX.MTK.AUDIO.DECODER.GSM</name>
        <allowed>true</allowed>
        <stills-allowed>false</stills-allowed>
        <dvd-allowed>true</dvd-allowed>
        <min-height>0</min-height>
    </filter>
    <filter>
        <name>OMX.MTK.AUDIO.DECODER.MP3</name>
        <allowed>true</allowed>
        <stills-allowed>false</stills-allowed>
        <dvd-allowed>true</dvd-allowed>
        <min-height>0</min-height>
    </filter>
    <filter>
        <name>OMX.MTK.AUDIO.DECODER.RAW</name>
        <allowed>true</allowed>
        <stills-allowed>false</stills-allowed>
        <dvd-allowed>true</dvd-allowed>
        <min-height>0</min-height>
    </filter>
    <filter>
        <name>OMX.MTK.VIDEO.DECODER.AVC</name>
        <allowed>true</allowed>
        <stills-allowed>false</stills-allowed>
        <dvd-allowed>true</dvd-allowed>
        <min-height>0</min-height>
    </filter>
    <filter>
        <name>OMX.MTK.VIDEO.DECODER.DIVX</name>
        <allowed>true</allowed>
        <stills-allowed>false</stills-allowed>
        <dvd-allowed>true</dvd-allowed>
        <min-height>0</min-height>
    </filter>
    <filter>
        <name>OMX.MTK.VIDEO.DECODER.DIVX3</name>
        <allowed>true</allowed>
        <stills-allowed>false</stills-allowed>
        <dvd-allowed>true</dvd-allowed>
        <min-height>0</min-height>
    </filter>
    <filter>
        <name>OMX.MTK.VIDEO.DECODER.H263</name>
        <allowed>true</allowed>
        <stills-allowed>false</stills-allowed>
        <dvd-allowed>true</dvd-allowed>
        <min-height>720</min-height>
    </filter>
    <filter>
        <name>OMX.MTK.VIDEO.DECODER.HEVC</name>
        <allowed>true</allowed>
        <stills-allowed>false</stills-allowed>
        <dvd-allowed>true</dvd-allowed>
        <min-height>0</min-height>
    </filter>
    <filter>
        <name>OMX.MTK.VIDEO.DECODER.MPEG2</name>
        <allowed>true</allowed>
        <stills-allowed>false</stills-allowed>
        <dvd-allowed>true</dvd-allowed>
        <min-height>720</min-height>
    </filter>
    <filter>
        <name>OMX.MTK.VIDEO.DECODER.MPEG4</name>
        <allowed>true</allowed>
        <stills-allowed>false</stills-allowed>
        <dvd-allowed>true</dvd-allowed>
        <min-height>720</min-height>
    </filter>
    <filter>
        <name>OMX.MTK.VIDEO.DECODER.VC1</name>
        <allowed>true</allowed>
        <stills-allowed>false</stills-allowed>
        <dvd-allowed>true</dvd-allowed>
        <min-height>0</min-height>
    </filter>
    <filter>
        <name>OMX.MTK.VIDEO.DECODER.VP9</name>
        <allowed>true</allowed>
        <stills-allowed>false</stills-allowed>
        <dvd-allowed>true</dvd-allowed>
        <min-height>0</min-height>
    </filter>
    <filter>
        <name>OMX.MTK.VIDEO.DECODER.VPX</name>
        <allowed>true</allowed>
        <stills-allowed>false</stills-allowed>
        <dvd-allowed>true</dvd-allowed>
        <min-height>0</min-height>
    </filter>
    <filter>
        <name>OMX.MTK.VIDEO.DECODER.XVID</name>
        <allowed>true</allowed>
        <stills-allowed>false</stills-allowed>
        <dvd-allowed>true</dvd-allowed>
        <min-height>0</min-height>
    </filter>
    <filter>
        <name>OMX.google.aac.decoder</name>
        <allowed>false</allowed>
        <stills-allowed>false</stills-allowed>
        <dvd-allowed>false</dvd-allowed>
        <min-height>0</min-height>
    </filter>
    <filter>
        <name>OMX.google.amrnb.decoder</name>
        <allowed>false</allowed>
        <stills-allowed>false</stills-allowed>
        <dvd-allowed>false</dvd-allowed>
        <min-height>0</min-height>
    </filter>
    <filter>
        <name>OMX.google.amrwb.decoder</name>
        <allowed>false</allowed>
        <stills-allowed>false</stills-allowed>
        <dvd-allowed>false</dvd-allowed>
        <min-height>0</min-height>
    </filter>
    <filter>
        <name>OMX.google.g711.alaw.decoder</name>
        <allowed>false</allowed>
        <stills-allowed>false</stills-allowed>
        <dvd-allowed>false</dvd-allowed>
        <min-height>0</min-height>
    </filter>
    <filter>
        <name>OMX.google.g711.mlaw.decoder</name>
        <allowed>false</allowed>
        <stills-allowed>false</stills-allowed>
        <dvd-allowed>false</dvd-allowed>
        <min-height>0</min-height>
    </filter>
    <filter>
        <name>OMX.google.h263.decoder</name>
        <allowed>false</allowed>
        <stills-allowed>false</stills-allowed>
        <dvd-allowed>false</dvd-allowed>
        <min-height>720</min-height>
    </filter>
    <filter>
        <name>OMX.google.h264.decoder</name>
        <allowed>false</allowed>
        <stills-allowed>false</stills-allowed>
        <dvd-allowed>false</dvd-allowed>
        <min-height>0</min-height>
    </filter>
    <filter>
        <name>OMX.google.hevc.decoder</name>
        <allowed>false</allowed>
        <stills-allowed>false</stills-allowed>
        <dvd-allowed>false</dvd-allowed>
        <min-height>0</min-height>
    </filter>
    <filter>
        <name>OMX.google.mp3.decoder</name>
        <allowed>false</allowed>
        <stills-allowed>false</stills-allowed>
        <dvd-allowed>false</dvd-allowed>
        <min-height>0</min-height>
    </filter>
    <filter>
        <name>OMX.google.mpeg4.decoder</name>
        <allowed>false</allowed>
        <stills-allowed>false</stills-allowed>
        <dvd-allowed>false</dvd-allowed>
        <min-height>720</min-height>
    </filter>
    <filter>
        <name>OMX.google.opus.decoder</name>
        <allowed>false</allowed>
        <stills-allowed>false</stills-allowed>
        <dvd-allowed>false</dvd-allowed>
        <min-height>0</min-height>
    </filter>
    <filter>
        <name>OMX.google.raw.decoder</name>
        <allowed>false</allowed>
        <stills-allowed>false</stills-allowed>
        <dvd-allowed>false</dvd-allowed>
        <min-height>0</min-height>
    </filter>
    <filter>
        <name>OMX.google.vorbis.decoder</name>
        <allowed>false</allowed>
        <stills-allowed>false</stills-allowed>
        <dvd-allowed>false</dvd-allowed>
        <min-height>0</min-height>
    </filter>
    <filter>
        <name>OMX.google.vp8.decoder</name>
        <allowed>false</allowed>
        <stills-allowed>false</stills-allowed>
        <dvd-allowed>false</dvd-allowed>
        <min-height>0</min-height>
    </filter>
    <filter>
        <name>OMX.google.vp9.decoder</name>
        <allowed>false</allowed>
        <stills-allowed>false</stills-allowed>
        <dvd-allowed>false</dvd-allowed>
        <min-height>0</min-height>
    </filter>
</decoderfilter>
