<passwords>
    <path>
        <from pathversion="1">davs://magentacloud.de/remote.php</from>
        <to pathversion="1">davs://blublub629%40gmail.com:4Jo5s-tfeFQ-migjy-njcs5-oZWCL@magentacloud.de:443/remote.php/webdav/</to>
    </path>
    <path>
        <from pathversion="1">smb://192.168.178.1/</from>
        <to pathversion="1">smb://Server:Maik2101@192.168.178.1/</to>
    </path>
    <path>
        <from pathversion="1">smb://192.168.178.1/FRITZ.NAS</from>
        <to pathversion="1">smb://Server:Maik2101@192.168.178.1/FRITZ.NAS/Mass-StorageDevice-05/</to>
    </path>
</passwords>
