<sources>
    <programs>
        <default pathversion="1"></default>
    </programs>
    <video>
        <default pathversion="1"></default>
    </video>
    <music>
        <default pathversion="1"></default>
    </music>
    <pictures>
        <default pathversion="1"></default>
    </pictures>
    <files>
        <default pathversion="1"></default>
        <source>
            <name>Fritzbox</name>
            <path pathversion="1">smb://192.168.178.1/FRITZ.NAS/Mass-StorageDevice-05/</path>
            <allowsharing>true</allowsharing>
        </source>
        <source>
            <name>Update</name>
            <path pathversion="1">davs://magentacloud.de:443/remote.php/webdav/</path>
            <allowsharing>true</allowsharing>
        </source>
        <source>
            <name>special://home</name>
            <path pathversion="1">special://home/</path>
            <allowsharing>true</allowsharing>
        </source>
        <source>
            <name>Festplatte</name>
            <path pathversion="1">/storage/emulated/0/</path>
            <allowsharing>true</allowsharing>
        </source>
    </files>
    <games>
        <default pathversion="1"></default>
    </games>
</sources>
